{
  "im1_points": [
    [
      494.0,
      474.0
    ],
    [
      361.0,
      483.0
    ],
    [
      260.0,
      712.0
    ],
    [
      425.0,
      239.0
    ],
    [
      223.0,
      158.0
    ],
    [
      551.0,
      688.0
    ],
    [
      354.0,
      683.0
    ],
    [
      374.0,
      682.0
    ],
    [
      281.0,
      589.0
    ],
    [
      482.0,
      34.0
    ],
    [
      696.0,
      710.0
    ],
    [
      160.0,
      806.0
    ],
    [
      165.0,
      730.0
    ],
    [
      215.0,
      552.0
    ],
    [
      304.0,
      627.0
    ],
    [
      513.0,
      1049.0
    ],
    [
      337.0,
      966.0
    ],
    [
      170.0,
      1147.0
    ],
    [
      545.0,
      925.0
    ],
    [
      196.0,
      616.0
    ]
  ],
  "im2_points": [
    [
      776.0,
      479.0
    ],
    [
      642.0,
      496.0
    ],
    [
      536.0,
      714.0
    ],
    [
      709.0,
      243.0
    ],
    [
      513.0,
      184.0
    ],
    [
      833.0,
      699.0
    ],
    [
      627.0,
      690.0
    ],
    [
      651.0,
      693.0
    ],
    [
      556.0,
      600.0
    ],
    [
      767.0,
      31.0
    ],
    [
      998.0,
      723.0
    ],
    [
      451.0,
      806.0
    ],
    [
      455.0,
      737.0
    ],
    [
      497.0,
      563.0
    ],
    [
      578.0,
      638.0
    ],
    [
      802.0,
      1070.0
    ],
    [
      615.0,
      968.0
    ],
    [
      464.0,
      1132.0
    ],
    [
      829.0,
      946.0
    ],
    [
      481.0,
      624.0
    ]
  ],
  "H": [
    [
      1.2700904416948295,
      0.0006724131678687396,
      -391.9060654840439
    ],
    [
      0.16624631433260056,
      1.1731807067685804,
      -121.54050854112073
    ],
    [
      0.00026323016356595715,
      -3.646899136483094e-06,
      1.0
    ]
  ]
}